{
	"name":"root",
	"x":0,
	"y":0,
	"priority":0,
	"sub":[{
		"name":"button_a",
		"x":40,
		"y":30,
		"priority":0,
		"sx":0,
		"sy":0,
		"sw":360,
		"sh":96,
		"class":"button",
		"onclick":"onClick",
		"default":"assets/images/button.png.imag",
		"select":"assets/images/button_select.png.imag",
		"xscale":1,
		"yscale":1,
		"rotation":0
	},
	{
		"name":"button_b",
		"x":40,
		"y":170,
		"priority":0,
		"sx":0,
		"sy":0,
		"sw":360,
		"sh":96,
		"class":"button",
		"onclick":"onClick",
		"default":"assets/images/button.png.imag",
		"select":"assets/images/button_select.png.imag",
		"xscale":1,
		"yscale":1,
		"rotation":0
	},
	{
		"name":"button_c",
		"x":41,
		"y":300,
		"priority":0,
		"sx":0,
		"sy":0,
		"sw":360,
		"sh":96,
		"class":"button",
		"onclick":"onClick",
		"default":"assets/images/button.png.imag",
		"select":"assets/images/button_select.png.imag",
		"xscale":1,
		"yscale":1,
		"rotation":0
	},
	{
		"name":"button_d",
		"x":40,
		"y":430,
		"priority":0,
		"sx":0,
		"sy":0,
		"sw":360,
		"sh":96,
		"class":"button",
		"onclick":"onClick",
		"default":"assets/images/button.png.imag",
		"select":"assets/images/button_select.png.imag",
		"xscale":1,
		"yscale":1,
		"rotation":0
	},
	{
		"name":"button_1",
		"x":460,
		"y":30,
		"priority":0,
		"sx":0,
		"sy":0,
		"sw":360,
		"sh":96,
		"class":"button",
		"onclick":"onClick",
		"default":"assets/images/button.png.imag",
		"select":"assets/images/button_select.png.imag",
		"xscale":1,
		"yscale":1,
		"rotation":0
	},
	{
		"name":"button_2",
		"x":460,
		"y":150,
		"priority":0,
		"sx":0,
		"sy":0,
		"sw":360,
		"sh":96,
		"class":"button",
		"onclick":"onClick",
		"default":"assets/images/button.png.imag",
		"select":"assets/images/button_select.png.imag",
		"xscale":1,
		"yscale":1,
		"rotation":0
	},
	{
		"name":"button_3",
		"x":460,
		"y":280,
		"priority":0,
		"sx":0,
		"sy":0,
		"sw":360,
		"sh":96,
		"class":"button",
		"onclick":"onClick",
		"default":"assets/images/button.png.imag",
		"select":"assets/images/button_select.png.imag",
		"xscale":1,
		"yscale":1,
		"rotation":0
	},
	{
		"name":"button_4",
		"x":460,
		"y":420,
		"priority":0,
		"sx":0,
		"sy":0,
		"sw":360,
		"sh":96,
		"class":"button",
		"onclick":"onClick",
		"default":"assets/images/button.png.imag",
		"select":"assets/images/button_select.png.imag",
		"xscale":1,
		"yscale":1,
		"rotation":0
	},
	{
		"name":"button_5",
		"x":460,
		"y":540,
		"priority":0,
		"sx":0,
		"sy":0,
		"sw":360,
		"sh":96,
		"class":"button",
		"onclick":"onClick",
		"default":"assets/images/button.png.imag",
		"select":"assets/images/button_select.png.imag",
		"xscale":1,
		"yscale":1,
		"rotation":0
	},
	{
		"name":"label",
		"x":210,
		"y":80,
		"priority":9,
		"class":"label",
		"text":"Create",
		"fontname":"",
		"fontsize":20,
		"color":-13421773,
		"width":100,
		"height":30,
		"xscale":1,
		"yscale":1,
		"rotation":0,
		"align":5
	},
	{
		"name":"label",
		"x":210,
		"y":220,
		"priority":9,
		"class":"label",
		"text":"Engage",
		"fontname":"",
		"fontsize":20,
		"color":-13421773,
		"width":100,
		"height":30,
		"xscale":1,
		"yscale":1,
		"rotation":0,
		"align":5
	},
	{
		"name":"label",
		"x":215,
		"y":349,
		"priority":9,
		"class":"label",
		"text":"Process",
		"fontname":"",
		"fontsize":20,
		"color":-13421773,
		"width":100,
		"height":30,
		"xscale":1,
		"yscale":1,
		"rotation":0,
		"align":5
	}],
	"width":960,
	"height":640
}