{
	"name":"root",
	"x":0,
	"y":0,
	"priority":0,
	"sub":[{
		"name":"button1",
		"x":70,
		"y":480,
		"priority":0,
		"sx":0,
		"sy":0,
		"sw":100,
		"sh":100,
		"class":"button",
		"onclick":"button1_click",
		"default":"assets/images/unit01.png.imag",
		"xscale":1,
		"yscale":1,
		"rotation":0
	},
	{
		"name":"button2",
		"x":240,
		"y":480,
		"priority":4,
		"sx":0,
		"sy":0,
		"sw":100,
		"sh":100,
		"class":"button",
		"onclick":"button2_click",
		"default":"assets/images/unit02.png.imag",
		"xscale":1,
		"yscale":1,
		"rotation":0
	},
	{
		"name":"button3",
		"x":430,
		"y":480,
		"priority":3,
		"sx":0,
		"sy":0,
		"sw":100,
		"sh":100,
		"class":"button",
		"onclick":"button3_click",
		"default":"assets/images/unit03.png.imag",
		"xscale":1,
		"yscale":1,
		"rotation":0
	},
	{
		"name":"button4",
		"x":620,
		"y":480,
		"priority":2,
		"sx":0,
		"sy":0,
		"sw":100,
		"sh":100,
		"class":"button",
		"onclick":"button4_click",
		"default":"assets/images/unit04.png.imag",
		"xscale":1,
		"yscale":1,
		"rotation":0
	},
	{
		"name":"button5",
		"x":790,
		"y":480,
		"priority":1,
		"sx":0,
		"sy":0,
		"sw":100,
		"sh":100,
		"class":"button",
		"onclick":"button5_click",
		"default":"assets/images/unit05.png.imag",
		"xscale":1,
		"yscale":1,
		"rotation":0
	}],
	"width":960,
	"height":640
}