{
	"name":"root",
	"x":0,
	"y":0,
	"priority":0,
	"sub":[{
		"name":"user1",
		"x":320,
		"y":60,
		"class":"animnode",
		"states":[],
		"xscale":1,
		"yscale":1,
		"rotation":0
	},
	{
		"name":"user2",
		"x":320,
		"y":170,
		"class":"animnode",
		"states":[],
		"xscale":1,
		"yscale":1,
		"rotation":0
	},
	{
		"name":"user3",
		"x":320,
		"y":280,
		"class":"animnode",
		"states":[],
		"xscale":1,
		"yscale":1,
		"rotation":0
	},
	{
		"name":"user4",
		"x":320,
		"y":390,
		"class":"animnode",
		"states":[],
		"xscale":1,
		"yscale":1,
		"rotation":0
	},
	{
		"name":"label1",
		"x":230,
		"y":90,
		"priority":1,
		"class":"label",
		"text":"user1",
		"fontname":"",
		"fontsize":20,
		"color":-13421773,
		"width":100,
		"height":36,
		"xscale":1,
		"yscale":1,
		"rotation":0,
		"align":5
	},
	{
		"name":"label2",
		"x":230,
		"y":200,
		"priority":1,
		"class":"label",
		"text":"user2",
		"fontname":"",
		"fontsize":20,
		"color":-13421773,
		"width":100,
		"height":38,
		"xscale":1,
		"yscale":1,
		"rotation":0,
		"align":5
	},
	{
		"name":"label3",
		"x":230,
		"y":310,
		"priority":1,
		"class":"label",
		"text":"user3",
		"fontname":"",
		"fontsize":20,
		"color":-13421773,
		"width":100,
		"height":38,
		"xscale":1,
		"yscale":1,
		"rotation":0,
		"align":5
	},
	{
		"name":"label4",
		"x":230,
		"y":420,
		"priority":1,
		"class":"label",
		"text":"user4",
		"fontname":"",
		"fontsize":20,
		"color":-13421773,
		"width":100,
		"height":38,
		"xscale":1,
		"yscale":1,
		"rotation":0,
		"align":5
	},
	{
		"name":"button",
		"x":380,
		"y":510,
		"priority":8,
		"sx":0,
		"sy":0,
		"sw":181,
		"sh":45,
		"class":"button",
		"default":"assets/images/button01_start.png.imag",
		"xscale":1,
		"yscale":1,
		"rotation":0
	}],
	"width":960,
	"height":640
}