{
	"name":"root",
	"x":0,
	"y":0,
	"priority":0,
	"sub":[{
		"name":"room1_button",
		"x":300,
		"y":64,
		"priority":0,
		"sx":0,
		"sy":0,
		"sw":360,
		"sh":96,
		"class":"button",
		"onclick":"onRoom1Button",
		"default":"assets/images/button.png.imag",
		"select":"assets/images/button_select.png.imag",
		"disable":"assets/images/button_disable.png.imag",
		"xscale":1,
		"yscale":1,
		"rotation":0
	},
	{
		"name":"label1",
		"x":480,
		"y":110,
		"priority":4,
		"class":"label",
		"text":"ルーム１",
		"fontname":"",
		"fontsize":50,
		"color":-13421773,
		"width":301,
		"height":58,
		"xscale":1,
		"yscale":1,
		"rotation":0,
		"align":5
	},
	{
		"name":"label2",
		"x":480,
		"y":250,
		"priority":4,
		"class":"label",
		"text":"ルーム2",
		"fontname":"",
		"fontsize":50,
		"color":-13421773,
		"width":301,
		"height":58,
		"xscale":1,
		"yscale":1,
		"rotation":0,
		"align":5
	},
	{
		"name":"label3",
		"x":480,
		"y":400,
		"priority":4,
		"class":"label",
		"text":"ルーム3",
		"fontname":"",
		"fontsize":50,
		"color":-13421773,
		"width":301,
		"height":58,
		"xscale":1,
		"yscale":1,
		"rotation":0,
		"align":5
	},
	{
		"name":"start_button",
		"x":390,
		"y":500,
		"priority":3,
		"sx":0,
		"sy":0,
		"sw":181,
		"sh":45,
		"class":"button",
		"default":"assets/images/button05_new.png.imag",
		"xscale":1,
		"yscale":1,
		"rotation":0
	},
	{
		"name":"room3_button",
		"x":300,
		"y":350,
		"priority":2,
		"sx":0,
		"sy":0,
		"sw":360,
		"sh":96,
		"class":"button",
		"onclick":"onRoom3Button",
		"default":"assets/images/button.png.imag",
		"select":"assets/images/button_select.png.imag",
		"disable":"assets/images/button_disable.png.imag",
		"xscale":1,
		"yscale":1,
		"rotation":0
	},
	{
		"name":"room2_button",
		"x":300,
		"y":200,
		"priority":1,
		"sx":0,
		"sy":0,
		"sw":360,
		"sh":96,
		"class":"button",
		"onclick":"onRoom2Button",
		"default":"assets/images/button.png.imag",
		"select":"assets/images/button_select.png.imag",
		"disable":"assets/images/button_disable.png.imag",
		"xscale":1,
		"yscale":1,
		"rotation":0
	}],
	"width":960,
	"height":640
}